Start_Date,Assign_ID,Weight_Result
2018-06-02 17:31,5J08455,156.239 
2018-06-02 17:51,5J08456,153.841 
2018-06-02 18:13,5J08457,153.663 
2018-06-02 18:34,5J08458,155.129 
2018-06-02 18:55,5J08459,151.759 
2018-06-02 19:15,5J08460,152.101 
2018-06-02 19:35,5J08461,147.615 
2018-06-02 19:56,5J08462,149.608 
2018-06-02 20:18,5J08463,151.159 
2018-06-02 20:38,5J08464,151.444 
2018-06-02 20:59,7K09324,158.712 
2018-06-02 21:21,7K09325,157.478 
2018-06-02 21:42,7K09326,159.290 
2018-06-02 22:03,7K09327,158.150 
2018-06-02 22:23,7K09328,158.512 
2018-06-02 22:44,7K09329,158.573 
2018-06-02 23:04,7K09330,157.717 
2018-06-02 23:25,7K09331,158.468 
2018-06-02 23:46,7K09874,158.457 
2018-06-03 0:06,7K09875,156.680 
2018-06-03 0:27,7K09876,157.477 
2018-06-03 0:48,7K09877,157.652 
2018-06-03 1:09,7K09878,156.561 
2018-06-03 1:30,7K09879,157.442 
2018-06-03 1:51,7K09880,157.981 
2018-06-03 2:11,7K09881,158.040 
2018-06-03 2:32,7K09310,158.643 
2018-06-03 2:54,7K09311,157.441 
2018-06-03 3:14,7K09891,156.306 
2018-06-03 3:36,7K09892,156.850 
2018-06-03 3:58,7K09893,156.813 
2018-06-03 4:19,7K09894,159.077 
2018-06-03 4:39,7K09895,157.953 
2018-06-03 5:01,7K09896,158.757 
2018-06-03 5:22,7K09340,156.919 
2018-06-03 5:42,7K09341,159.474 
2018-06-03 6:03,7K09342,160.226 
2018-06-03 6:24,7K09343,160.383 
2018-06-03 6:45,7K09344,160.375 
2018-06-03 7:05,7K09345,160.014 
2018-06-03 7:26,7K09346,161.507 
2018-06-03 7:47,7K09347,161.159 
2018-06-03 8:08,7K09348,161.528 
2018-06-03 9:04,7K09349,160.701 
2018-06-03 9:25,7K09350,159.654 
2018-06-04 13:43,7K09801,157.218 
2018-06-04 14:06,7K09802,157.693 
2018-06-04 14:27,7K09803,157.931 
2018-06-04 14:47,7K09804,158.952 
2018-06-04 15:08,7K09805,159.691 
2018-06-04 15:28,7K09806,160.075 
2018-06-04 15:48,7K09807,159.685 
2018-06-04 16:08,7K09808,158.815 
2018-06-04 16:29,7K09809,157.808 
2018-06-04 16:49,7K09810,157.209 
2018-06-04 17:10,7K09811,158.465 
2018-06-04 17:30,7K09812,166.189 
2018-06-04 17:51,7K09813,164.584 
2018-06-04 18:12,7K09814,162.874 
2018-06-04 18:32,7K09815,159.599 
2018-06-04 18:53,7K09816,158.262 
2018-06-04 19:13,7K09817,157.082 
2018-06-04 19:34,7K09831,157.517 
2018-06-04 19:54,7K09832,157.601 
2018-06-04 20:14,7K09833,158.074 
2018-06-04 20:37,7K09834,158.500 
2018-06-04 20:57,7K09835,158.528 
2018-06-04 21:18,7K09836,157.705 
2018-06-04 21:39,7K09837,158.022 
2018-06-04 22:00,7K09838,158.334 
2018-06-04 22:20,7K09839,159.179 
2018-06-04 22:40,7K09840,158.304 
2018-06-04 23:01,7K09730,157.958 
2018-06-04 23:21,7K09731,157.908 
2018-06-04 23:42,7K09732,159.140 
2018-06-05 0:02,7K09733,157.979 
2018-06-05 0:23,7K09734,157.340 
2018-06-05 0:43,7K09735,159.060 
2018-06-05 1:03,7K09736,159.245 
2018-06-05 1:24,7K09737,159.014 
2018-06-05 1:44,7K09738,160.307 
2018-06-05 2:05,7S16981,157.173 
2018-06-05 2:25,7S16982,160.899 
2018-06-05 2:46,7S16983,159.988 
2018-06-05 3:09,7S16984,159.163 
2018-06-05 3:29,7S16985,157.904 
2018-06-05 3:50,7S16986,158.712 
2018-06-05 4:11,7S16987,158.006 
2018-06-05 4:31,7S16988,159.067 
2018-06-05 4:51,7S16989,159.820 
2018-06-05 5:12,7S16990,160.035 
2018-06-05 5:33,7S18324,159.101 
2018-06-05 5:54,7S18323,158.276 
2018-06-05 6:14,7S18325,159.796 
2018-06-05 6:35,7S18326,159.954 
2018-06-05 6:56,7S18327,159.570 
2018-06-05 7:16,7S18328,158.349 
2018-06-05 7:37,7S18329,157.284 
2018-06-05 7:58,7S18330,159.516 
2018-06-05 8:19,7S18331,160.260 
2018-06-05 8:40,7S18332,160.067 
2018-06-05 9:02,7S18333,157.346 
2018-06-05 9:23,7S18334,159.386 
2018-06-05 9:46,7S18335,158.958 
2018-06-05 10:07,7S18336,160.265 
2018-06-05 10:27,7S18337,159.591 
2018-06-05 10:48,7S18338,159.050 
2018-06-05 11:08,7S18339,160.880 
2018-06-05 11:29,7S18340,160.195 
2018-06-05 11:50,7S18341,159.794 
2018-06-05 12:11,7S18342,159.527 
2018-06-05 12:31,7S18343,161.222 
2018-06-05 12:52,7S18344,160.387 
2018-06-05 13:12,7S18345,158.936 
2018-06-05 13:32,7S18346,159.926 
2018-06-06 12:07,5J06256,153.880 
2018-06-06 12:28,5J06257,155.621 
2018-06-06 12:49,5J06258,160.429 
2018-06-06 13:09,5J06259,158.997 
2018-06-06 13:29,5J06260,159.160 
2018-06-06 13:50,5J06261,160.054 
2018-06-06 14:11,5J06262,160.491 
2018-06-06 14:32,5J06263,150.626 
2018-06-06 14:53,5J06264,151.824 
2018-06-06 15:14,5J06265,152.892 
2018-06-06 15:34,7K09252,160.044 
2018-06-06 15:55,7K09253,161.180 
2018-06-06 16:15,7K09254,159.786 
2018-06-06 16:36,7K09255,159.337 
2018-06-06 16:56,7K09256,159.833 
2018-06-06 17:17,7K09257,159.739 
2018-06-06 17:37,7K09258,159.657 
2018-06-06 17:58,7K09259,159.835 
2018-06-06 18:18,7K09044,159.476 
2018-06-06 18:40,7K09045,157.633 
2018-06-06 19:00,7K09046,158.641 
2018-06-06 19:21,7K09047,157.098 
2018-06-06 19:41,7K09048,158.490 
2018-06-06 20:02,7K09049,158.490 
2018-06-06 20:23,7K09050,158.992 
2018-06-06 20:44,7K09251,160.646 
2018-06-06 21:05,5J06251,154.898 
2018-06-06 21:26,5J06252,154.042 
2018-06-06 21:46,5J06253,155.326 
2018-06-06 22:07,5J06254,155.355 
2018-06-06 22:47,5J06286,160.444 
2018-06-06 23:07,5J06287,159.474 
2018-06-06 23:28,5J06288,159.218 
2018-06-06 23:49,5J06289,159.119 
2018-06-07 0:09,5J06290,160.008 
2018-06-07 0:30,P7162970,137.385 
2018-06-07 0:50,P7162971,139.451 
2018-06-07 1:13,P7162972,137.881 
2018-06-07 1:34,P7162973,139.057 
2018-06-07 1:55,P7162974,139.742 
2018-06-07 2:16,P7162975,138.169 
2018-06-07 2:36,P7162976,137.923 
2018-06-07 2:57,P7162977,136.702 
2018-06-07 3:18,P7162978,139.019 
2018-06-07 3:38,P7162979,138.475 
2018-06-07 3:59,P7162980,138.031 
2018-06-07 4:20,P7164351,136.783 
2018-06-07 4:40,P7164352,138.930 
2018-06-07 5:01,P7164353,140.565 
2018-06-07 5:21,P7164354,138.910 
2018-06-07 5:42,P7164356,139.000 
2018-06-07 6:03,P7164357,137.403 
2018-06-07 6:23,P7164358,135.358 
2018-06-07 6:44,P7164359,136.071 
2018-06-07 7:05,P7164360,133.502 
2018-06-07 7:26,7K09006,158.125 
2018-06-07 7:49,7K09007,158.730 
2018-06-07 8:10,7K09008,158.426 
2018-06-07 8:30,7K09009,158.429 
2018-06-07 8:51,7K09010,157.594 
2018-06-07 9:11,7K09011,159.103 
2018-06-07 9:32,7K09012,159.842 
2018-06-07 9:54,7K09013,159.259 
2018-06-07 10:15,7K09014,158.958 
2018-06-07 10:36,7K09015,158.941 
2018-06-07 10:57,7K09016,158.852 
2018-06-07 11:18,7K09285,157.743 
2018-06-07 11:38,7K09286,158.958 
2018-06-07 11:59,7K09287,158.774 
2018-06-07 12:20,7K09288,159.839 
2018-06-07 12:40,7K09289,158.997 
2018-06-07 13:01,7K09290,159.372 
2018-06-07 13:21,7K09291,159.136 
2018-06-07 13:41,7K09292,160.017 
2018-06-08 11:44,7P14691,158.389 
2018-06-08 12:04,6B29862,154.710 
2018-06-08 12:24,6B29863,154.637 
2018-06-08 12:44,6B29864,154.176 
2018-06-08 13:05,6B29865,154.893 
2018-06-08 13:25,6B29866,154.319 
2018-06-08 13:46,6B29867,155.465 
2018-06-08 14:06,6B29868,155.811 
2018-06-08 14:27,6B29869,155.934 
2018-06-08 14:47,6B29870,154.212 
2018-06-08 15:08,6B29871,154.414 
2018-06-08 15:28,7K09293,159.463 
2018-06-08 15:48,7K09294,160.211 
2018-06-08 16:08,7K09295,160.360 
2018-06-08 16:31,7K09296,161.112 
2018-06-08 16:51,7K09297,159.899 
2018-06-08 17:12,7K09298,160.819 
2018-06-08 17:33,7K09299,160.141 
2018-06-08 17:53,7K09300,160.152 
2018-06-08 18:14,7S18351,159.336 
2018-06-08 18:34,7S18352,159.016 
2018-06-08 18:54,7S18353,160.338 
2018-06-08 19:14,7S18354,160.775 
2018-06-08 19:35,7S18355,158.750 
2018-06-08 19:55,7S18356,159.572 
2018-06-08 20:15,7S18357,158.135 
2018-06-08 20:36,7S18358,159.196 
2018-06-08 20:56,7K09036,156.812 
2018-06-08 21:16,7K09037,159.604 
2018-06-08 21:37,7K09038,160.008 
2018-06-08 21:58,7K09039,159.929 
2018-06-08 22:18,7S18394,158.206 
2018-06-08 22:39,7S18395,161.609 
2018-06-08 23:01,7S18396,159.494 
2018-06-08 23:22,7S18397,158.608 
2018-06-08 23:42,7S18398,160.282 
2018-06-09 0:03,7S18399,159.856 
2018-06-09 0:23,7S18400,158.411 
2018-06-09 0:44,6B29751,159.176 
2018-06-09 1:05,7S18386,158.739 
2018-06-09 1:26,7S18387,160.080 
2018-06-09 1:46,7S18388,159.968 
2018-06-09 2:08,7S18389,160.944 
2018-06-09 2:29,7S18390,159.645 
2018-06-09 2:50,7S18391,159.327 
2018-06-09 3:11,7S18392,160.166 
2018-06-09 3:32,7S18393,159.520 
2018-06-09 3:53,7K09167,157.174 
2018-06-09 4:13,7K09168,159.183 
2018-06-09 4:35,7K09169,157.912 
2018-06-09 4:56,7K09170,159.640 
2018-06-09 5:17,7K09171,159.796 
2018-06-09 5:40,7K09172,160.305 
2018-06-09 6:01,7K09173,159.784 
2018-06-09 6:21,7K09174,159.816 
2018-06-09 6:42,P7164361,135.601 
2018-06-09 7:03,P7164362,136.305 
2018-06-09 7:23,P7164363,135.665 
2018-06-09 7:44,P7164364,133.069 
2018-06-09 8:05,P7164365,133.994 
2018-06-09 8:26,P7164366,133.134 
2018-06-09 8:47,P7164367,133.562 
2018-06-09 9:08,P7164368,135.668 
2018-06-09 9:29,P7164369,139.181 
2018-06-09 9:49,P7164387,140.127 
2018-06-09 10:10,P7164388,140.648 
2018-06-09 10:30,P7164389,140.830 
2018-06-09 10:51,P7164390,140.784 
2018-06-09 11:11,P7164391,140.218 
2018-06-09 11:32,P7164392,141.237 
2018-06-09 11:52,P7164393,141.404 
2018-06-09 12:15,P7164394,138.898 
2018-06-09 12:36,P7164395,136.587 
2018-06-09 12:57,P7164396,139.982 
2018-06-12 7:14,6B29773,156.936 
2018-06-12 7:35,6B29764,158.237 
2018-06-12 7:55,6B29765,157.864 
2018-06-12 8:16,6B29774,157.283 
2018-06-12 8:37,6B29775,160.711 
2018-06-12 8:58,6B29776,161.833 
2018-06-12 9:19,6B29766,158.688 
2018-06-12 9:39,6B29767,157.630 
2018-06-12 10:00,6B29779,162.588 
2018-06-12 10:21,6B29770,156.331 
2018-06-12 10:42,6B29780,156.550 
2018-06-12 11:03,6B29782,153.385 
2018-06-12 14:40,6B29783,156.923 
2018-06-12 15:01,6B29784,152.559 
2018-06-12 15:21,6B29785,147.846 
2018-06-12 15:41,6B29786,152.021 
2018-06-12 16:01,6B29787,158.848 
2018-06-12 16:22,6B29788,157.000 
2018-06-12 16:43,6B29789,158.113 
2018-06-12 17:04,6B29790,153.535 
2018-06-12 17:24,6B29791,158.965 
2018-06-12 17:45,6B29792,159.954 
2018-06-12 18:06,7K09268,159.014 
2018-06-12 18:26,7K09269,159.066 
2018-06-12 18:47,7K09270,159.964 
2018-06-12 19:08,7K09271,159.747 
2018-06-12 19:28,7K09272,159.769 
2018-06-12 19:49,7K09273,159.438 
2018-06-12 20:10,5J08465,151.179 
2018-06-12 20:30,5J08466,150.538 
2018-06-12 20:51,5J08467,150.024 
2018-06-12 21:14,5J08468,153.202 
2018-06-12 21:35,5J08470,151.949 
2018-06-12 21:55,5J08471,151.453 
2018-06-12 22:16,5J08472,150.039 
2018-06-12 22:37,5J08473,150.159 
2018-06-12 22:57,5J08474,148.793 
2018-06-12 23:18,5J08475,158.071 
2018-06-12 23:39,5J08476,155.605 
2018-06-13 0:00,5J08477,155.428 
2018-06-13 0:21,5J08478,154.888 
2018-06-13 0:42,5J08479,156.418 
2018-06-13 1:02,5J08480,158.271 
2018-06-13 1:23,5J08481,157.555 
2018-06-13 1:44,P7163730,140.282 
2018-06-13 2:04,P7163731,140.731 
2018-06-13 2:25,P7163732,137.402 
2018-06-13 2:45,P7163733,138.759 
2018-06-13 3:06,P7163734,138.440 
2018-06-13 3:27,P7163735,137.340 
2018-06-13 3:49,P7163737,143.533 
2018-06-13 4:11,P7163739,142.179 
2018-06-13 4:32,P7163740,143.158 
2018-06-13 4:52,P7163741,140.548 
2018-06-13 5:13,P7163742,143.919 
2018-06-13 5:33,P7163743,143.381 
2018-06-13 5:53,P7163744,142.335 
2018-06-13 6:14,P7163746,142.544 
2018-06-13 6:35,P7163791,136.603 
2018-06-13 6:56,P7163792,136.940 
2018-06-13 7:17,P7163793,139.837 
2018-06-13 7:37,P7163794,135.627 
2018-06-13 7:58,P7163795,137.855 
2018-06-13 8:19,P7163745,142.507 
2018-06-13 8:40,5J06274,155.847 
2018-06-13 9:02,5J06275,156.900 
2018-06-13 9:22,5J06277,158.890 
2018-06-13 9:43,5J06278,157.352 
2018-06-13 10:04,5J06279,157.396 
2018-06-13 10:26,5J06281,158.286 
2018-06-13 10:47,5J06282,160.725 
2018-06-13 11:07,5J06283,159.983 
2018-06-13 11:28,5J06266,151.508 
2018-06-13 11:48,5J06267,151.801 
2018-06-13 12:09,5J06268,155.915 
2018-06-13 12:30,5J06269,156.912 
2018-06-13 12:51,5J06270,156.801 
2018-06-13 13:12,5J06271,157.163 
2018-06-13 13:33,5J06272,155.877 
2018-06-13 13:54,5J06273,157.039 
2018-06-13 14:15,5J06299,153.161 
2018-06-13 14:36,5J06300,154.255 
2018-06-13 14:56,P7162951,138.132 
2018-06-13 15:17,P7162952,137.027 
2018-06-13 15:37,P7162953,139.859 
2018-06-13 15:58,P7162954,138.093 
2018-06-13 16:19,P7162955,139.686 
2018-06-13 16:40,P7162956,139.373 
2018-06-14 15:15,P7163796,138.699 
2018-06-14 15:37,P7163797,139.259 
2018-06-14 15:57,P7163798,139.886 
2018-06-14 16:18,P7163799,142.370 
2018-06-14 16:38,P7163800,142.398 
2018-06-14 16:58,6B29801,162.001 
2018-06-14 17:19,6B29802,163.437 
2018-06-14 17:40,6B29803,161.600 
2018-06-14 18:01,6B29804,163.572 
2018-06-14 18:21,6B29046,156.478 
2018-06-14 18:41,P7162957,138.024 
2018-06-14 19:02,P7162958,137.236 
2018-06-14 19:25,P7162959,137.143 
2018-06-14 19:45,P7162960,137.430 
2018-06-14 20:06,P7162961,136.690 
2018-06-14 20:27,P7162962,138.315 
2018-06-14 20:47,P7162963,136.938 
2018-06-14 21:07,P7162964,136.281 
2018-06-14 21:28,P7162966,139.239 
2018-06-14 21:48,P7162967,137.449 
2018-06-14 22:09,P7162997,139.445 
2018-06-14 22:29,P7162998,138.908 
2018-06-14 22:50,P7162999,140.594 
2018-06-14 23:11,P7163000,139.645 
2018-06-14 23:32,P7163701,139.396 
2018-06-14 23:53,P7163702,139.931 
2018-06-15 0:14,P7163703,139.553 
2018-06-15 0:35,P7163704,138.595 
2018-06-15 0:55,P7162987,137.614 
2018-06-15 1:16,P7162988,138.850 
2018-06-15 1:36,P7162989,138.122 
2018-06-15 1:59,P7162990,138.114 
2018-06-15 2:20,P7162991,139.696 
2018-06-15 2:41,P7162992,137.916 
2018-06-15 3:01,P7162993,136.872 
2018-06-15 3:22,P7162994,137.786 
2018-06-16 14:57,P7163747,142.705 
2018-06-16 15:18,P7163748,142.878 
2018-06-16 15:39,P7163749,143.832 
2018-06-16 16:00,P7163750,142.889 
2018-06-16 16:21,P7163751,140.305 
2018-06-16 16:42,P7163752,137.202 
2018-06-16 17:03,P7163753,137.913 
2018-06-16 17:24,P7163754,142.402 
2018-06-16 17:45,P7163755,139.946 
2018-06-16 18:06,P7163756,141.789 
2018-06-16 18:26,P7163757,143.473 
2018-06-16 18:47,P7163758,141.981 
2018-06-16 19:07,P7163759,140.082 
2018-06-16 19:28,P7163760,141.644 
2018-06-16 19:48,P7163761,138.062 
2018-06-16 20:11,P7163762,138.701 
2018-06-16 20:32,P7163763,142.159 
2018-06-16 20:53,P7163764,136.529 
2018-06-16 21:13,6C01721,155.214 
2018-06-16 21:34,6C01722,155.237 
2018-06-16 21:55,6C01723,155.869 
2018-06-16 22:16,6C01715,155.645 
2018-06-16 22:37,6C01724,155.498 
2018-06-16 22:57,6C01725,155.315 
2018-06-16 23:18,6C01716,155.559 
2018-06-19 16:49,6C01726,156.043 
2018-06-19 17:09,6C01727,156.870 
2018-06-19 17:30,6C01717,154.532 
2018-06-19 17:50,P7163707,138.180 
2018-06-19 18:10,P7163708,137.496 
2018-06-19 18:31,P7163709,136.749 
2018-06-19 18:51,P7163710,137.773 
2018-06-19 19:11,P7163711,136.742 
2018-06-19 19:31,P7163712,136.056 
2018-06-19 19:51,P7163713,137.573 
2018-06-19 20:12,P7163714,136.849 
2018-06-19 20:32,P7163715,136.670 
2018-06-19 20:53,P7163716,136.666 
2018-06-19 21:13,P7163717,136.854 
2018-06-19 21:36,P7163718,139.455 
2018-06-19 21:58,P7163719,138.895 
2018-06-19 22:18,P7163720,139.143 
2018-06-19 22:39,P7163721,139.859 
2018-06-19 22:59,P7163722,138.802 
2018-06-19 23:20,P7163723,139.228 
2018-06-19 23:41,P7163724,139.442 
2018-06-20 0:02,P7163725,138.465 
2018-06-20 0:22,P7163726,142.424 
2018-06-20 0:43,P7163727,142.625 
2018-06-20 1:04,P7163783,138.248 
2018-06-20 1:24,P7163784,140.819 
2018-06-20 1:45,P7163785,142.169 
2018-06-20 2:06,P7163786,139.544 
2018-06-20 2:27,P7163787,139.027 
2018-06-20 2:47,P7163788,138.559 
2018-06-20 3:08,P7163789,138.432 
2018-06-20 3:29,P7163772,138.961 
2018-06-20 3:49,P7163773,139.518 
2018-06-20 4:12,P7163765,139.631 
2018-06-20 4:32,P7163771,139.469 
2018-06-20 4:53,P7163770,138.572 
2018-06-20 5:14,P7163769,137.366 
2018-06-20 5:34,P7163768,138.068 
2018-06-20 5:55,P7163767,138.229 
2018-06-20 6:16,7K09260,158.845 
2018-06-20 6:36,7K09261,159.300 
2018-06-20 6:57,7K09262,159.018 
2018-06-20 7:18,7K09263,157.813 
2018-06-20 7:39,7K09264,158.287 
2018-06-20 8:00,7K09265,157.864 
2018-06-20 8:21,7K09266,158.730 
2018-06-20 8:42,7K09267,157.877 
2018-06-20 9:02,5J08482,155.770 
2018-06-20 9:24,5J08483,158.032 
2018-06-20 9:45,5J08484,156.882 
2018-06-20 10:05,5J08485,154.249 
2018-06-20 10:26,5J08486,161.223 
2018-06-20 10:49,5J08487,153.324 
2018-06-20 11:09,5J08488,160.067 
2018-06-20 11:30,5J08489,156.859 
2018-06-20 11:50,7K09276,158.934 
2018-06-20 12:11,7K09277,158.631 
2018-06-20 12:32,7K09278,158.667 
2018-06-20 12:52,7K09279,159.976 
2018-06-20 13:13,7K09280,158.578 
2018-06-20 13:33,7K09281,158.550 
2018-06-20 13:54,7K09282,157.408 
2018-06-20 14:14,7K09283,158.023 
2018-06-20 14:35,5J06291,157.394 
2018-06-20 14:55,5J06292,153.890 
2018-06-20 18:11,6B29835,160.905 
2018-06-20 18:31,6B29836,161.317 
2018-06-20 18:52,6B29837,156.798 
2018-06-20 19:12,6B29838,156.746 
2018-06-20 19:32,6B29839,158.309 
2018-06-20 19:52,6B29840,158.765 
2018-06-20 20:14,6B29841,158.509 
2018-06-20 20:34,6B29842,159.344 
2018-06-20 20:54,6B29843,161.013 
2018-06-20 21:15,6B29844,159.603 
2018-06-20 21:35,6B29825,158.834 
2018-06-20 21:56,6B29826,156.488 
2018-06-20 22:16,6B29827,155.984 
2018-06-20 22:37,6B29828,158.612 
2018-06-20 22:57,6B29829,158.201 
2018-06-20 23:18,6B29830,159.461 
2018-06-20 23:38,6B29831,158.648 
2018-06-20 23:59,6B29832,160.217 
2018-06-21 0:20,6B29833,162.824 
2018-06-21 0:42,6B29834,161.822 
2018-06-21 1:02,6B29815,160.301 
2018-06-21 1:24,6B29816,161.096 
2018-06-21 1:45,6B29817,160.798 
2018-06-21 2:06,6B29818,160.008 
2018-06-21 2:26,6B29819,162.019 
2018-06-21 2:47,6B29820,159.557 
2018-06-21 3:07,6B29821,159.775 
2018-06-21 3:28,6B29822,159.505 
2018-06-21 3:49,6B29823,160.877 
2018-06-21 4:09,6B29824,160.345 
2018-06-21 4:30,6B29805,163.349 
2018-06-21 4:50,6B29806,164.642 
2018-06-21 5:14,6B29807,162.857 
2018-06-21 5:35,6B29808,161.151 
2018-06-21 5:55,6B29809,161.658 
2018-06-21 6:16,6B29810,162.496 
2018-06-21 6:36,6B29811,161.901 
2018-06-21 6:57,6B29812,161.453 
2018-06-21 7:19,6B29813,163.108 
2018-06-21 7:40,6B29814,160.855 
2018-06-21 8:01,5J08490,158.256 
2018-06-21 8:21,5J08491,157.742 
2018-06-21 8:42,5J08492,157.413 
2018-06-21 9:03,5J08493,154.703 
2018-06-21 9:24,5J08494,157.227 
2018-06-21 9:44,5J08495,157.004 
2018-06-21 10:04,5J08496,157.511 
2018-06-21 10:25,5J08497,157.262 
2018-06-21 10:45,5J08498,157.066 
2018-06-21 11:06,5J08499,159.257 
2018-06-21 11:27,5J08500,158.946 
2018-06-21 11:47,7K09175,159.279 
2018-06-21 12:08,7K09176,160.162 
2018-06-21 12:28,7K09178,160.120 
2018-06-21 12:49,7K09179,159.797 
2018-06-21 13:10,7K09180,159.120 
2018-06-21 13:30,7K09181,159.316 
2018-06-21 13:53,7K09182,161.321 
2018-06-21 14:14,7K09183,161.151 
2018-06-21 14:34,7S18438,158.945 
2018-06-21 14:55,7S18439,159.233 
2018-06-21 15:16,7S18440,162.119 
2018-06-21 15:37,7S18441,162.524 
2018-06-21 15:57,7S18442,164.072 
2018-06-21 16:17,7S18443,164.345 
2018-06-21 16:37,7S18444,167.300 
2018-06-21 16:57,6B29045,153.491 
2018-06-21 17:18,6C01718,154.563 
2018-06-21 17:38,6C01719,155.502 
2018-06-21 17:59,6C01720,162.215 
2018-06-21 18:19,6C01707,155.667 
2018-06-21 18:39,6C01708,156.574 
2018-06-21 19:00,6C01709,155.858 
2018-06-21 19:20,6C01710,155.038 
2018-06-21 19:41,6C01711,155.425 
2018-06-21 20:01,6C01712,156.551 
2018-06-21 20:24,6C01713,155.492 
2018-06-21 20:44,6C01714,155.747 
2018-06-21 21:05,6B29019,157.992 
2018-06-21 21:25,6B29020,157.326 
2018-06-21 21:45,6B29021,157.502 
2018-06-21 22:06,6B29022,156.064 
2018-06-21 22:26,6B29023,156.964 
2018-06-21 22:46,6B29024,157.106 
2018-06-21 23:06,6B29025,158.674 
2018-06-21 23:27,6B29026,158.775 
2018-06-21 23:48,6B29027,156.898 
2018-06-22 0:09,6B29028,157.461 
2018-06-22 0:30,6B29029,156.926 
2018-06-22 0:51,6B29030,157.987 
2018-06-22 1:11,6B29031,157.909 
2018-06-22 1:32,6B29032,155.140 
2018-06-22 1:52,6B29033,155.050 
2018-06-22 2:13,6B29034,166.416 
2018-06-22 2:34,7S18445,164.527 
2018-06-22 2:57,7S18446,159.238 
2018-06-22 3:18,7S18447,160.513 
2018-06-23 5:02,P7165770,136.448 
2018-06-23 5:23,P7165771,136.671 
2018-06-23 5:44,P7165772,137.679 
2018-06-23 6:05,P7165774,137.707 
2018-06-23 6:27,P7165775,137.945 
2018-06-23 6:47,6C01746,136.536 
2018-06-23 7:09,6C01747,161.785 
2018-06-23 7:32,6C01748,159.926 
2018-06-23 7:52,6C01749,177.911 
2018-06-23 8:13,6C01750,156.708 
2018-06-23 8:33,7S18401,163.485 
2018-06-23 8:54,7S18402,161.199 
2018-06-23 9:15,7S18403,162.509 
2018-06-23 9:36,7S18404,159.717 
2018-06-23 9:57,7S18405,160.829 
2018-06-23 10:18,7S18406,160.118 
2018-06-23 10:38,7S18407,160.151 
2018-06-23 10:59,7S18408,159.376 
2018-06-23 11:20,7S18409,160.071 
2018-06-23 11:41,7S18410,159.214 
2018-06-23 12:02,7S18411,160.065 
2018-06-25 16:04,6B29011,157.552 
2018-06-25 16:25,6B29012,157.895 
2018-06-25 16:45,6B29013,157.934 
2018-06-25 17:05,6B29014,157.931 
2018-06-25 17:25,6B29015,157.304 
2018-06-25 17:46,6B29016,158.100 
2018-06-25 18:06,6B29017,159.289 
2018-06-25 18:26,6B29018,159.068 
2018-06-25 18:47,P7164379,135.179 
2018-06-25 19:07,P7164380,135.371 
2018-06-25 19:27,P7164381,137.135 
2018-06-25 19:47,P7164382,141.318 
2018-06-25 20:08,P7164383,140.698 
2018-06-25 20:28,P7164384,139.359 
2018-06-25 20:48,6B29845,160.958 
2018-06-25 21:08,6B29846,161.207 
2018-06-25 21:28,6B29847,161.943 
2018-06-25 21:49,6B29848,159.836 
2018-06-25 22:09,6B29003,156.559 
2018-06-25 22:31,6B29004,156.834 
2018-06-25 22:51,6B29005,157.345 
2018-06-25 23:12,6B29006,157.213 
2018-06-25 23:32,6B29007,158.055 
2018-06-25 23:52,6B29008,164.527 
2018-06-26 0:12,6B29009,157.856 
2018-06-26 0:32,6B29010,158.741 
2018-06-26 0:53,P7165773,135.705 
2018-06-26 1:13,P7165776,136.869 
2018-06-26 1:33,P7165777,135.841 
2018-06-26 1:53,6B29047,153.777 
2018-06-26 2:13,6B29048,153.362 
2018-06-26 2:33,6B29049,151.752 
2018-06-26 2:54,6B29050,151.776 
2018-06-26 3:14,6C01701,156.257 
2018-06-26 3:34,6C01702,158.010 
2018-06-26 3:55,6C01703,153.145 
2018-06-26 4:15,6B29035,156.117 
2018-06-26 4:35,6B29036,156.561 
2018-06-26 4:57,6B29037,155.874 
2018-06-26 5:18,6B29038,153.958 
2018-06-26 5:38,6B29039,153.760 
2018-06-26 5:58,6B29040,152.905 
2018-06-26 6:20,6B29041,153.451 
2018-06-26 6:40,6B29042,154.117 
2018-06-26 7:00,6B29043,154.518 
2018-06-26 7:21,6B29044,153.189 
2018-06-26 7:41,P7164397,138.741 
2018-06-26 8:02,P7164398,138.242 
2018-06-26 8:22,P7164399,137.165 
2018-06-26 8:42,P7164400,138.249 
2018-06-26 9:02,P7162981,137.963 
2018-06-26 9:22,P7162982,139.280 
2018-06-26 9:43,P7162983,135.687 
2018-06-26 10:03,P7162984,137.556 
2018-06-26 10:24,P7162985,136.668 
2018-06-26 10:44,P7162986,138.311 
2018-06-26 11:04,6C01737,159.006 
2018-06-26 11:27,6C01738,157.784 
2018-06-26 11:47,6C01739,141.090 
2018-06-26 12:08,6C01740,174.097 
2018-06-26 12:28,6C01741,175.293 
2018-06-26 12:48,6C01742,163.667 
2018-06-26 13:09,6C01743,159.705 
2018-06-26 13:30,6C01744,183.102 
2018-06-26 13:50,6C01745,166.194 
2018-06-27 17:40,7S18419,158.220 
2018-06-27 18:00,7S18420,157.534 
2018-06-27 18:20,7S18421,158.619 
2018-06-27 18:40,7S18422,158.846 
2018-06-27 19:00,7S18423,158.877 
2018-06-27 19:21,7S18425,157.758 
2018-06-27 19:41,7S18426,159.941 
2018-06-27 20:04,7S18427,163.574 
2018-06-27 20:24,7S18428,164.185 
2018-06-27 20:45,7S18429,162.658 
2018-06-27 21:06,6C01728,156.695 
2018-06-27 21:27,6C01729,156.675 
2018-06-27 21:47,6C01730,163.120 
2018-06-27 22:07,6C01731,156.596 
2018-06-27 22:27,6C01732,165.129 
2018-06-27 22:48,6C01733,161.171 
2018-06-27 23:08,6C01734,163.456 
2018-06-27 23:28,6C01735,130.138 
2018-06-27 23:49,6C01736,173.968 
2018-06-28 0:10,7S18412,158.302 
2018-06-28 0:30,7S18413,160.597 
2018-06-28 0:51,7S18414,161.375 
2018-06-28 1:11,7S18415,161.685 
2018-06-28 1:32,7S18416,158.831 
2018-06-28 1:52,7S18417,158.542 
2018-06-28 2:12,7S18430,160.212 
2018-06-28 2:35,7S18431,160.833 
2018-06-28 2:55,7S18432,162.021 
2018-06-28 3:15,7S18433,164.036 
2018-06-28 3:36,7S18434,164.167 
2018-06-28 3:56,7S18435,162.421 
2018-06-28 4:16,7S18436,161.333 
2018-06-28 4:36,7S18437,160.384 
2018-06-28 4:57,P7165794,132.841 
2018-06-28 5:18,P7165795,132.048 
2018-06-28 5:38,P7165796,132.975 
2018-06-28 5:59,P7165797,136.313 
2018-06-28 6:19,P7165798,135.834 
2018-06-28 6:40,P7165799,137.687 
2018-06-28 7:01,P7165800,137.358 
2018-06-28 16:57,P7163096,142.114 
2018-06-28 17:18,P7163097,137.829 
2018-06-28 17:38,P7163098,136.894 
2018-06-28 17:58,P7163099,139.178 
2018-06-28 18:18,P7163100,140.953 
2018-06-28 18:38,P7165751,138.176 
2018-06-28 18:59,P7165752,137.544 
2018-06-28 19:19,P7165753,136.350 
2018-06-28 19:39,P7165754,136.155 
2018-06-28 20:00,P7165755,137.932 
2018-06-28 20:20,P7165756,136.726 
2018-06-28 20:40,P7165757,139.912 
2018-06-28 21:00,P7165758,137.192 
2018-06-28 21:21,P7165759,138.849 
2018-06-28 21:41,P7165760,136.930 
2018-06-29 10:19,P7165761,135.258 
2018-06-29 10:39,P7163079,137.965 
2018-06-29 11:00,P7163072,139.103 
2018-06-29 11:20,P7163073,141.280 
2018-06-29 11:40,P7163074,139.525 
2018-06-29 12:00,P7163075,138.090 
2018-06-29 12:21,P7163076,138.588 
2018-06-29 12:41,P7163077,138.994 
2018-06-29 13:01,P7163078,138.761 
2018-06-29 13:22,P7162499,136.375 
2018-06-29 13:42,P7162500,136.670 
2018-06-29 14:03,P7165951,138.671 
2018-06-29 14:23,P7165952,137.968 
2018-06-29 14:43,P7165953,137.558 
2018-06-29 15:03,P7163774,138.081 
2018-06-29 15:24,P7163775,137.720 
2018-06-29 15:44,P7163776,142.472 
2018-06-29 16:04,P7163777,139.229 
2018-06-29 16:24,P7163778,137.808 
2018-06-29 16:47,P7163779,137.481 
2018-06-29 17:07,P7163780,137.179 
2018-06-29 17:28,P7163781,136.637 
2018-06-29 17:48,P7165778,136.955 
2018-06-29 18:09,P7165779,136.753 
2018-06-29 18:29,P7165780,136.831 
2018-06-29 18:49,P7165781,135.467 
2018-06-29 19:09,P7165782,138.298 
2018-06-29 19:29,P7165783,137.552 
2018-06-29 19:50,P7165784,137.660 
2018-06-29 20:10,P7165785,133.219 
2018-06-29 20:30,P7163088,136.847 
2018-06-29 20:50,P7163089,137.295 
2018-06-29 21:11,P7163090,138.364 
2018-06-29 21:31,P7163091,142.017 
2018-06-29 21:52,P7163092,140.041 
2018-06-29 22:12,P7163093,140.596 
2018-06-29 22:32,P7163094,139.363 
2018-06-29 22:52,P7163095,140.380 
2018-07-02 14:32,P7165970,138.144 
2018-07-02 14:52,P7165971,138.951 
2018-07-02 15:12,P7165972,138.844 
2018-07-02 15:32,P7165973,139.270 
2018-07-02 15:52,P7165974,137.503 
2018-07-04 22:54,P7165994,136.377 
2018-07-04 23:17,P7165995,137.166 
2018-07-04 23:39,P7165996,137.734 
2018-07-05 0:01,P7165997,136.160 
2018-07-05 0:23,P7165998,136.070 
2018-07-05 0:45,P7165999,135.006 
2018-07-05 1:06,P7166000,136.426 
2018-07-05 1:28,P7163056,136.788 
2018-07-05 1:51,P7163057,139.581 
2018-07-05 2:13,P7163058,141.030 
2018-07-05 2:36,P7163059,138.062 
2018-07-05 2:59,P7163060,136.821 
2018-07-05 3:21,P7163061,139.705 
2018-07-05 3:44,P7163062,142.795 
2018-07-05 4:07,P7163063,138.750 
2018-07-05 4:29,P7163064,139.624 
2018-07-05 4:53,P7163065,141.130 
2018-07-05 5:15,P7163066,140.189 
2018-07-05 5:37,P7163067,141.207 
2018-07-05 6:00,P7163068,141.610 
2018-07-05 6:24,P7163069,138.861 
2018-07-05 6:48,P7163070,139.645 
2018-07-05 7:10,P7163071,140.726 
2018-07-05 7:32,7S18448,158.207 
2018-07-05 7:55,7S18449,161.030 
2018-07-05 8:18,7S18450,159.948 
2018-07-05 8:40,P7163051,138.794 
2018-07-05 9:02,P7163052,138.776 
2018-07-05 9:24,P7163053,139.257 
2018-07-05 9:46,P7163054,138.951 
2018-07-05 10:09,P7163055,140.039 
2018-07-05 10:32,P7165786,132.996 
2018-07-05 10:53,P7165787,134.755 
2018-07-05 11:17,P7165788,133.817 
2018-07-05 11:40,P7165789,133.716 
2018-07-05 12:02,P7165790,134.458 
2018-07-05 12:23,P7165791,132.247 
2018-07-05 12:45,P7165792,133.295 
2018-07-05 13:08,P7165793,132.652 
2018-07-05 14:42,P7162459,137.120 
2018-07-05 15:04,P7162460,138.212 
2018-07-05 15:26,P7162461,138.183 
2018-07-05 15:48,P7162462,138.379 
2018-07-05 16:09,P7162463,137.491 
2018-07-05 16:31,P7162464,139.171 
2018-07-05 16:54,P7162465,139.342 
2018-07-05 17:17,P7162466,135.580 
2018-07-05 17:42,P7162451,137.710 
2018-07-05 18:04,P7162452,138.923 
2018-07-05 18:26,P7162453,138.555 
2018-07-05 18:48,P7162454,140.309 
2018-07-05 19:10,P7162455,139.672 
2018-07-05 19:32,P7162456,138.864 
2018-07-05 19:55,P7162457,137.769 
2018-07-05 20:17,P7162458,137.955 
2018-07-05 20:39,P7162457,136.837 
2018-07-05 21:01,P7162458,137.609 
2018-07-05 21:24,P7162459,138.485 
2018-07-05 21:46,P7162460,138.263 
2018-07-05 22:08,P7162461,137.487 
2018-07-05 22:31,P7162462,138.102 
2018-07-05 22:55,P7162463,136.786 
2018-07-05 23:16,P7162464,135.982 
2018-07-06 18:21,P7165980,137.023 
2018-07-06 18:44,P7165981,136.384 
2018-07-06 19:07,P7165982,137.595 
2018-07-06 19:29,P7165983,137.496 
2018-07-06 19:51,P7165984,135.704 
2018-07-06 20:15,P7165985,135.556 
2018-07-06 20:38,P7165986,137.978 
2018-07-06 21:02,P7163402,140.003 
2018-07-06 21:26,P7165762,134.804 
2018-07-06 21:49,P7165763,138.154 
2018-07-06 22:11,P7165764,136.853 
2018-07-06 22:33,P7165765,138.368 
2018-07-06 22:55,P7165766,139.330 
2018-07-06 23:17,P7165767,139.112 
2018-07-06 23:39,P7165768,138.077 
2018-07-07 0:01,P7165769,135.147 
2018-07-07 0:24,P7165962,135.037 
2018-07-07 0:48,P7165963,134.796 
2018-07-07 1:12,P7165964,136.190 
2018-07-07 1:35,P7165965,136.233 
2018-07-07 1:57,P7165966,137.829 
2018-07-07 2:20,P7165967,136.489 
2018-07-07 2:43,P7165968,137.809 
2018-07-07 3:06,P7165954,137.966 
2018-07-07 3:29,P7165955,136.968 
2018-07-07 3:51,P7165956,138.026 
2018-07-07 4:14,P7165957,136.833 
2018-07-07 4:37,P7165958,136.065 
2018-07-07 5:00,P7165959,136.955 
2018-07-07 5:23,P7165960,137.094 
2018-07-10 13:07,P7162475,137.014 
2018-07-10 13:27,P7162476,136.491 
2018-07-10 13:47,P7162477,136.062 
2018-07-10 14:08,P7162478,139.695 
2018-07-10 14:28,P7162479,138.453 
2018-07-10 14:49,P7162480,140.493 
2018-07-10 15:09,P7162481,139.154 
2018-07-10 15:29,P7162482,137.490 
2018-07-10 15:49,P7162483,137.997 
2018-07-10 16:12,P7162484,136.320 
2018-07-10 16:32,P7162485,141.342 
2018-07-10 16:52,P7162486,137.225 
2018-07-10 17:12,P7162487,141.389 
2018-07-10 17:32,P7162488,137.865 
2018-07-10 17:53,P7162489,139.690 
2018-07-10 18:13,P7162490,140.290 
2018-07-10 18:33,P7162491,139.580 
2018-07-10 18:53,P7162492,136.333 
2018-07-10 19:14,P7162493,136.284 
2018-07-10 19:34,P7162494,136.994 
2018-07-10 19:54,P7162495,137.458 
2018-07-10 20:15,P7162496,138.615 
2018-07-10 20:35,P7162497,137.966 
2018-07-10 20:55,P7162498,137.419 
2018-07-10 21:15,P7162791,141.297 
2018-07-10 21:36,P7162792,140.071 
2018-07-10 21:56,P7162793,140.512 
2018-07-10 22:16,P7162794,139.621 
2018-07-10 22:39,P7162795,140.792 
2018-07-10 22:59,P7162796,139.617 
2018-07-10 23:19,P7162797,138.673 
2018-07-10 23:39,P7162798,138.311 
2018-07-11 0:00,P7162799,142.426 
2018-07-12 14:42,P7165961,137.239 
2018-07-12 15:02,P7165969,138.423 
2018-07-12 15:22,P7165975,138.366 
2018-07-12 15:42,P7165976,136.531 
2018-07-12 16:02,P7165977,135.139 
2018-07-12 16:22,P7165978,136.890 
2018-07-12 16:43,P7165979,137.828 
2018-07-12 17:03,P7163401,139.421 
2018-07-12 17:23,P7165987,135.334 
2018-07-12 17:44,P7165988,136.087 
2018-07-12 18:04,P7165989,136.624 
2018-07-12 18:24,P7165990,136.644 
2018-07-12 18:45,P7165991,136.750 
2018-07-12 19:05,P7165992,136.500 
2018-07-12 19:25,P7165993,136.617 
2018-07-12 19:46,P7163403,139.633 
2018-07-12 20:06,P7162800,143.296 
2018-07-12 20:26,P7162601,138.876 
2018-07-12 20:47,P7162602,140.070 
2018-07-12 21:09,P7162603,138.726 
2018-07-12 21:29,P7162604,140.646 
2018-07-12 21:49,P7162635,142.368 
2018-07-12 22:09,P7162636,142.817 
2018-07-12 22:30,P7162637,142.751 
2018-07-12 22:50,P7162642,138.541 
2018-07-12 23:10,P7163404,140.897 
2018-07-12 23:30,P7163405,135.499 
2018-07-12 23:50,P7163406,135.994 
2018-07-13 0:11,P7163407,135.285 
2018-07-13 0:31,P7163408,134.493 
2018-07-13 0:51,P7163409,136.635 
2018-07-13 1:11,P7163410,136.466 
2018-07-13 1:31,P7163411,136.896 
2018-07-13 16:13,P7164628,134.912 
2018-07-13 16:33,P7164629,135.772 
2018-07-13 16:54,P7164630,136.036 
2018-07-13 17:14,P7164631,135.716 
2018-07-13 17:35,P7164632,134.562 
2018-07-13 18:15,P7163481,141.294 
2018-07-13 18:36,P7163482,142.020 
2018-07-13 18:56,P7163483,141.187 
2018-07-13 19:16,P7163484,141.602 
2018-07-13 19:36,P7163485,141.269 
2018-07-13 19:56,P7163486,142.399 
2018-07-13 20:16,P7163487,141.542 
2018-07-13 20:37,P7163488,136.798 
2018-07-13 20:57,P7163489,138.182 
2018-07-13 21:17,P7163490,137.251 
2018-07-13 21:37,P7163491,139.324 
2018-07-13 21:58,P7163492,136.563 
2018-07-13 22:18,P7163493,138.210 
2018-07-13 22:40,P7163494,138.385 
2018-07-13 23:00,P7163495,140.693 
2018-07-18 20:06,P7162762,136.122 
2018-07-18 20:26,P7162763,136.980 
2018-07-18 20:47,P7162764,138.027 
2018-07-18 21:07,P7162765,139.106 
2018-07-18 21:28,P7162766,138.815 
2018-07-18 21:48,P7162767,139.098 
2018-07-18 22:08,P7162768,136.987 
2018-07-18 22:28,P7162769,139.228 
2018-07-18 22:50,P7163496,139.455 
2018-07-18 23:11,P7163497,137.737 
2018-07-18 23:31,P7163498,140.567 
2018-07-18 23:51,P7163499,142.288 
2018-07-19 0:11,P7163500,140.877 
2018-07-19 0:31,P7162751,137.104 
2018-07-19 0:52,P7162752,138.843 
2018-07-19 1:12,P7162753,138.063 
2018-07-19 1:32,P7162754,137.788 
2018-07-19 1:52,P7162755,137.325 
2018-07-19 2:12,P7162756,138.508 
2018-07-19 2:32,P7162757,137.349 
2018-07-19 2:52,P7162758,137.557 
2018-07-19 3:13,P7162759,139.061 
2018-07-19 3:33,P7162760,137.892 
2018-07-19 3:53,P7162761,138.947 
2018-07-19 8:19,P7163429,137.512 
2018-07-19 8:39,P7163430,138.332 
2018-07-19 9:00,P7165921,135.449 
2018-07-19 9:20,P7165923,138.752 
2018-07-19 9:41,P7165925,137.887 
2018-07-19 10:01,P7165927,137.203 
2018-07-19 10:21,P7162643,136.863 
2018-07-19 10:42,P7162644,137.566 
2018-07-19 11:02,P7162645,136.936 
2018-07-20 2:41,P7164421,142.954 
2018-07-20 3:02,P7164422,139.799 
2018-07-20 3:22,P7164423,142.318 
2018-07-20 3:42,P7164424,145.169 
2018-07-20 4:02,P7164425,144.334 
2018-07-20 4:22,P7162646,135.573 
2018-07-20 4:43,P7162647,133.385 
2018-07-20 5:03,P7162648,134.574 
2018-07-20 5:23,P7162649,135.563 
2018-07-20 5:43,P7162650,132.154 
2018-07-20 6:04,P7164601,137.035 
2018-07-20 6:24,P7164602,137.258 
2018-07-20 6:44,P7164603,135.290 
2018-07-20 7:06,P7164604,133.873 
2018-07-20 7:27,P7164605,134.350 
2018-07-20 7:47,P7164606,139.690 
2018-07-20 8:07,P7164607,139.375 
2018-07-20 8:27,P7164608,137.854 
2018-07-20 8:47,P7164609,137.416 
2018-07-20 9:07,P7164610,135.861 
2018-07-20 9:28,P7164611,134.127 
2018-07-20 9:48,P7162770,136.469 
2018-07-20 10:08,P7162771,137.720 
2018-07-20 10:28,P7162772,136.086 
2018-07-20 10:48,P7162773,137.712 
2018-07-20 11:08,P7162774,138.214 
2018-07-20 11:29,P7162775,138.387 
2018-07-20 11:49,P7162776,142.254 
2018-07-20 12:09,P7162777,134.841 
2018-07-21 5:27,P7162625,138.829 
2018-07-21 5:47,P7162626,135.319 
2018-07-21 6:07,P7162627,138.263 
2018-07-21 6:29,P7162628,137.644 
2018-07-21 6:50,P7162629,136.850 
2018-07-21 7:10,P7162630,140.699 
2018-07-21 7:30,P7162631,139.979 
2018-07-21 7:50,P7162632,141.647 
2018-07-21 8:10,P7164612,133.784 
2018-07-21 8:31,P7164613,133.083 
2018-07-21 8:51,P7164614,133.245 
2018-07-21 9:11,P7164615,135.703 
2018-07-21 9:32,P7164616,135.355 
2018-07-21 9:52,P7164617,138.002 
2018-07-21 10:12,P7164618,137.009 
2018-07-21 10:33,P7164619,135.598 
2018-07-21 10:53,P7162780,140.486 
2018-07-21 11:14,P7162781,140.107 
2018-07-21 11:34,P7162782,139.580 
2018-07-21 11:55,P7162783,136.849 
2018-07-22 8:24,P7162784,138.368 
2018-07-22 8:47,P7162785,138.856 
2018-07-22 9:08,P7162786,139.397 
2018-07-22 9:29,P7162788,138.763 
2018-07-22 9:51,P7162789,140.794 
2018-07-22 10:12,P7162790,139.943 
2018-07-22 10:33,P7162778,135.606 
2018-07-22 10:54,P7162779,140.640 
2018-07-22 11:15,P7162633,139.133 
2018-07-22 11:36,P7162634,140.285 
2018-07-22 11:57,P7162638,143.154 
2018-07-22 12:18,P7162639,143.002 
2018-07-22 12:39,P7162640,140.771 
2018-07-22 12:59,P7162641,137.966 
2018-07-22 13:21,P7164620,137.573 
2018-07-22 13:42,P7164621,137.171 
2018-07-22 14:02,P7164622,136.767 
2018-07-22 14:24,P7164623,136.917 
2018-07-22 14:45,P7164624,134.478 
2018-07-22 15:06,P7164625,134.921 
2018-07-22 15:29,P7164626,142.294 
2018-07-22 15:50,P7164627,136.584 
2018-07-23 14:56,P7162310,136.457 
2018-07-23 15:16,P7162311,135.935 
2018-07-23 19:22,P7162312,138.653 
2018-07-23 19:42,P7162313,138.698 
2018-07-23 20:04,P7162314,138.668 
2018-07-26 2:36,P7164633,134.769 
2018-07-26 2:57,P7164635,134.022 
2018-07-26 3:18,P7164637,134.676 
2018-07-26 3:39,P7164638,134.488 
2018-07-26 4:02,P7164639,139.764 
2018-07-26 4:23,P7164640,140.522 
2018-07-26 4:44,P7164641,141.637 
2018-07-26 5:05,P7164642,139.499 
2018-07-26 5:26,P7164643,137.141 
2018-07-26 5:47,P7164644,139.206 
2018-07-26 6:08,P7164645,138.353 
2018-07-26 6:29,P7164646,141.614 
2018-07-26 6:50,P7164647,141.886 
2018-07-26 7:10,P7164648,142.308 
2018-07-26 7:31,P7164649,140.391 
2018-07-26 7:52,P7164650,140.695 
2018-07-26 8:12,P7162315,138.758 
2018-07-26 8:34,P7162316,141.473 
2018-07-26 8:54,P7162317,140.708 
2018-07-26 9:16,P7162318,141.438 
2018-07-26 9:37,P7162319,140.139 
2018-07-26 9:58,P7162320,137.461 
2018-07-26 10:19,P7162321,141.616 
2018-07-26 15:23,P7162203,136.594 
2018-07-26 15:44,P7162204,137.536 
2018-07-26 16:06,P7162205,136.484 
2018-07-26 16:27,P7162206,135.691 
2018-07-26 16:48,P7162207,138.918 
2018-07-26 17:12,P7165928,137.608 
2018-07-26 17:32,P7162209,136.745 
2018-07-26 17:54,P7162237,140.994 
2018-07-26 18:15,P7162223,138.179 
2018-07-26 18:37,P7162230,137.922 
2018-07-26 18:58,P7162216,136.985 
2018-07-26 19:19,P7163428,137.056 
2018-07-26 21:24,P7163412,137.192 
2018-07-26 21:45,P7163413,136.757 
2018-07-26 22:06,P7163414,136.297 
2018-07-26 22:27,P7163415,137.453 
2018-07-26 22:47,P7163416,137.012 
2018-07-26 23:08,P7163417,138.336 
2018-07-26 23:28,P7163418,139.097 
2018-07-26 23:51,P7163419,139.958 
2018-07-27 0:12,P7165945,135.492 
2018-07-27 0:32,P7165946,137.436 
2018-07-27 0:52,P7165947,138.268 
2018-07-27 1:13,P7165948,138.342 
2018-07-27 1:33,P7165949,138.283 
2018-07-27 1:53,P7165950,137.442 
2018-07-27 2:14,P7164401,143.333 
2018-07-27 2:35,P7164402,144.044 
2018-07-27 2:55,P7164434,140.062 
2018-07-27 3:15,P7164435,141.201 
2018-07-27 3:36,P7164436,143.550 
2018-07-27 3:57,P7164437,141.688 
2018-07-27 4:17,P7164438,141.844 
2018-07-27 4:37,P7164439,141.126 
2018-07-27 4:58,P7165937,135.537 
2018-07-27 5:19,P7165938,137.096 
2018-07-27 5:40,P7165939,135.953 
2018-07-27 6:00,P7165940,136.599 
2018-07-27 6:23,P7165941,136.448 
2018-07-27 6:43,P7165942,136.233 
2018-07-27 7:04,P7165943,137.703 
2018-07-27 7:24,P7165944,137.335 
2018-07-27 7:45,P7164450,136.299 
2018-07-27 8:05,P7165852,139.631 
2018-07-27 8:26,P7165851,138.885 
2018-07-27 8:47,P7165853,137.509 
2018-07-27 9:09,P7165854,136.704 
2018-07-27 9:30,P7165855,136.885 
2018-07-27 9:50,P7165856,136.166 
2018-07-27 10:12,P7165857,136.683 
2018-07-27 10:33,P7165911,136.664 
2018-07-27 10:54,P7165912,136.683 
2018-07-27 11:16,P7165913,135.660 
2018-07-27 11:37,P7165914,136.732 
2018-07-27 11:58,P7165915,137.744 
2018-07-27 12:19,P7165916,138.788 
2018-07-27 12:40,P7165917,137.179 
2018-07-27 13:03,P7165918,135.594 
2018-07-27 13:24,P7165919,138.204 
2018-07-27 13:45,P7165920,138.076 
2018-07-27 14:07,P7165901,137.955 
2018-07-27 14:28,P7165902,137.201 
2018-07-27 14:49,P7165903,135.478 
2018-07-27 15:11,P7165904,135.507 
2018-07-27 15:32,P7165905,136.185 
2018-07-27 15:54,P7165906,138.045 
2018-07-27 16:14,P7165907,134.879 
2018-07-27 16:35,P7165908,135.923 
2018-07-27 16:56,P7165909,136.984 
2018-07-27 17:17,P7165910,137.609 
2018-07-27 18:10,P7164558,138.649 
2018-07-27 18:31,P7164559,137.598 
2018-07-27 18:52,P7164562,137.317 
2018-07-27 19:13,P7162217,136.010 
2018-07-27 19:36,P7162231,136.236 
2018-07-27 19:57,P7162238,136.558 
2018-07-27 20:18,P7162210,137.880 
2018-07-27 20:38,P7162224,137.478 
2018-07-27 20:59,P7162244,137.039 
2018-07-27 21:20,P7164442,138.712 
2018-07-27 21:40,P7164443,137.772 
2018-07-27 22:01,P7164444,137.625 
2018-07-27 22:22,P7164445,138.150 
2018-07-27 22:42,P7164446,137.229 
2018-07-27 23:03,P7164447,135.996 
2018-07-27 23:24,P7164448,140.427 
2018-07-27 23:45,P7164449,137.578 
2018-07-28 0:06,P7165894,135.337 
2018-07-28 0:27,P7165895,136.824 
2018-07-28 0:48,P7165896,139.270 
2018-07-28 1:09,P7165897,135.889 
2018-07-28 1:30,P7165898,136.055 
2018-07-28 1:51,P7165899,137.179 
2018-07-28 2:14,P7165900,136.055 
2018-07-28 2:35,P7162301,138.971 
2018-07-28 2:56,P7162302,138.340 
2018-07-28 3:17,P7162303,140.452 
2018-07-28 3:37,P7162304,139.096 
2018-07-28 3:58,P7162305,140.321 
2018-07-31 11:20,P7165867,139.319 
2018-07-31 11:42,P7165868,138.934 
2018-07-31 12:03,P7165869,137.578 
2018-07-31 12:23,P7165870,136.865 
2018-07-31 12:45,P7165871,135.465 
2018-07-31 13:08,P7165872,136.143 
2018-07-31 13:29,P7165873,139.846 
2018-07-31 13:51,P7165874,139.310 
2018-07-31 14:12,P7165875,137.994 
2018-07-31 14:34,P7165876,134.091 
2018-07-31 14:55,P7165877,136.648 
2018-07-31 15:16,P7165878,140.047 
2018-07-31 15:37,P7165879,140.732 
2018-07-31 15:58,P7165880,138.570 
2018-07-31 16:19,P7165881,138.038 
2018-07-31 16:40,P7165882,137.929 
2018-07-31 17:01,P7165883,137.084 
2018-07-31 17:23,P7165884,139.024 
2018-07-31 17:43,P7165885,136.468 
2018-07-31 18:04,P7165886,137.293 
2018-07-31 18:24,P7165887,136.760 
2018-07-31 18:45,P7165888,136.640 
2018-07-31 19:06,P7165889,135.880 
2018-07-31 19:29,P7165890,138.272 
2018-07-31 19:50,P7165891,138.038 
2018-07-31 20:11,P7165892,135.528 
2018-07-31 20:31,P7165893,139.106 
2018-07-31 20:52,P7164557,137.677 
2018-07-31 21:14,P7164560,137.219 
2018-07-31 21:34,P7164561,138.208 
2018-07-31 21:55,P7164563,139.215 
2018-07-31 22:16,P7164569,137.538 
2018-07-31 22:37,P7164565,139.278 
2018-07-31 22:58,P7164585,136.636 
2018-07-31 23:18,P7164581,140.799 
2018-07-31 23:39,P7164577,136.197 
2018-08-01 0:00,P7164573,136.049 
2018-08-01 0:21,P7162246,140.071 
2018-08-01 0:42,P7162218,138.102 
2018-08-01 1:04,P7162225,136.869 
2018-08-01 1:25,P7162239,136.210 
2018-08-01 1:46,P7162211,137.169 
2018-08-01 2:09,P7162232,138.415 
2018-08-01 2:30,P7162605,136.555 
2018-08-01 2:51,P7162606,138.682 
2018-08-01 3:12,P7162607,140.319 
2018-08-01 3:32,P7162608,138.659 
2018-08-01 3:53,P7162609,137.845 
2018-08-01 4:14,P7162610,138.440 
2018-08-01 4:35,P7162611,139.743 
2018-08-01 4:56,P7162612,138.160 
2018-08-01 5:17,P7162613,140.814 
2018-08-01 5:38,P7162614,140.335 
2018-08-01 6:00,P7162615,136.217 
2018-08-01 6:21,P7162616,134.471 
2018-08-01 6:42,P7162617,139.036 
2018-08-01 7:02,P7162618,138.057 
2018-08-01 7:24,P7162619,140.582 
2018-08-01 7:45,P7162620,142.321 
2018-08-01 8:06,P7162621,138.927 
2018-08-01 8:27,P7162622,140.900 
2018-08-01 8:51,P7162623,139.074 
2018-08-01 9:12,P7162624,140.639 
2018-08-01 9:34,P7164413,133.787 
2018-08-01 9:55,P7164414,143.062 
2018-08-01 10:15,P7164415,142.841 
2018-08-01 10:36,P7164416,143.470 
2018-08-01 10:56,P7164417,139.658 
2018-08-01 11:17,P7164418,142.837 
2018-08-01 11:38,P7164419,141.279 
2018-08-01 11:58,P7164420,140.593 
2018-08-01 12:19,P7163420,139.908 
2018-08-01 12:40,P7163421,139.509 
2018-08-01 13:02,P7163422,139.226 
2018-08-01 13:22,P7163423,138.980 
2018-08-01 13:43,P7163424,140.418 
2018-08-01 14:04,P7163425,138.797 
2018-08-01 14:25,P7163426,139.020 
2018-08-01 14:46,P7163427,138.803 
2018-08-02 9:10,P7162245,138.399 
2018-08-02 9:30,P7164566,138.747 
2018-08-02 9:51,P7164570,138.430 
2018-08-02 10:12,P7164574,138.247 
2018-08-02 10:32,P7164578,137.630 
2018-08-02 10:53,P7164582,139.720 
2018-08-02 11:16,P7164586,136.364 
2018-08-02 11:37,P7164595,134.455 
2018-08-02 11:58,P7164596,134.026 
2018-08-02 12:19,P7164597,134.672 
2018-08-02 12:40,P7165858,135.532 
2018-08-02 13:01,P7165859,136.012 
2018-08-02 13:23,P7165860,138.422 
2018-08-02 13:44,P7165861,140.391 
2018-08-02 14:05,P7164412,132.370 
2018-08-02 14:25,P7164426,137.408 
2018-08-02 14:46,P7164427,137.015 
2018-08-02 15:07,P7164428,140.955 
2018-08-02 15:28,P7164429,144.953 
2018-08-02 15:48,P7164430,140.453 
2018-08-02 16:09,P7164431,142.941 
2018-08-02 16:30,P7164432,142.867 
2018-08-02 22:08,P7164598,134.174 
2018-08-02 22:29,P7164599,133.643 
2018-08-02 22:50,P7164600,134.195 
2018-08-02 23:11,P7164701,135.951 
2018-08-02 23:32,P7164702,137.277 
2018-08-02 23:54,P7164703,135.675 
2018-08-03 0:15,P7164704,134.851 
2018-08-03 0:38,P7164567,138.182 
2018-08-03 1:00,P7164568,138.407 
2018-08-03 1:21,P7164594,131.963 
2018-08-03 1:43,P7164571,135.452 
2018-08-03 2:04,P7164572,139.210 
2018-08-03 2:26,P7164707,133.772 
2018-08-03 2:47,P7164575,136.781 
2018-08-03 3:07,P7164576,133.403 
2018-08-03 3:29,P7164708,134.045 
2018-08-03 3:50,P7164579,139.292 
2018-08-03 4:12,P7164580,138.202 
2018-08-03 4:33,P7164710,132.568 
2018-08-03 4:54,P7164583,139.113 
2018-08-03 5:15,P7164584,139.463 
2018-08-03 5:36,P7164718,139.016 
2018-08-03 5:58,P7164587,134.444 
2018-08-03 6:19,P7164588,134.820 
2018-08-03 6:40,P7164715,133.331 
2018-08-03 7:03,P7162247,137.946 
2018-08-03 7:24,P7162248,137.929 
2018-08-03 7:45,P7162249,137.561 
2018-08-03 8:07,P7162219,137.193 
2018-08-03 8:28,P7162220,136.693 
2018-08-03 8:49,P7162221,136.664 
2018-08-03 9:10,P7162222,135.326 
2018-08-03 9:32,P7162240,137.389 
2018-08-03 9:53,P7162241,137.162 
2018-08-03 10:15,P7162242,136.324 
2018-08-03 10:36,P7162243,135.621 
2018-08-03 10:57,P7162233,136.919 
2018-08-03 11:19,P7162234,138.675 
2018-08-03 11:41,P7162235,137.311 
2018-08-03 12:02,P7162236,137.037 
2018-08-03 12:23,P7162226,138.142 
2018-08-03 12:44,P7162227,136.430 
2018-08-03 13:05,P7162228,137.430 
2018-08-03 13:28,P7162229,136.011 
2018-08-04 22:30,P7163080,139.649 
2018-08-04 22:51,P7163081,138.261 
2018-08-04 23:12,P7163082,142.798 
2018-08-04 23:33,P7163083,142.046 
2018-08-04 23:53,P7163084,143.456 
2018-08-05 0:14,P7163085,141.152 
2018-08-05 0:35,P7163086,143.186 
2018-08-05 0:56,P7163087,136.610 
2018-08-05 1:17,P7162323,141.701 
2018-08-05 1:39,P7162324,141.579 
2018-08-05 2:00,P7162325,138.372 
2018-08-05 2:21,P7162326,136.846 
2018-08-05 2:42,P7162327,137.059 
2018-08-05 3:04,P7162328,138.057 
2018-08-05 3:24,P7162329,137.703 
2018-08-05 3:45,P7162330,137.206 
2018-08-05 4:07,P7162331,136.981 
2018-08-05 4:31,P7162332,141.613 
2018-08-05 4:52,P7162333,141.430 
2018-08-05 5:13,P7162334,141.652 
2018-08-05 5:34,P7162335,141.787 
2018-08-05 5:55,P7162336,137.748 
2018-08-05 6:17,P7162337,138.016 
2018-08-05 6:38,P7162338,137.972 
2018-08-05 6:59,P7162339,137.537 
2018-08-05 7:20,P7162340,138.635 
2018-08-05 7:41,P7162341,138.380 
2018-08-05 8:02,P7162342,138.620 
2018-08-05 8:24,P7162343,137.912 
2018-08-05 8:45,P7162322,141.774 
2018-08-05 9:06,P7162344,138.332 
2018-08-05 9:27,P7162345,136.425 
2018-08-05 9:48,P7162346,138.063 
2018-08-05 10:10,P7162347,136.768 
2018-08-05 10:31,P7162348,138.068 
2018-08-05 10:54,P7162349,138.824 
2018-08-05 11:16,P7162350,137.257 
2018-08-05 11:37,P7164451,133.262 
2018-08-05 11:58,P7164452,134.406 
2018-08-05 12:19,P7164453,143.859 
2018-08-05 12:40,P7164454,145.665 
2018-08-05 13:01,P7164455,144.563 
2018-08-05 13:23,P7164456,143.318 
2018-08-05 13:44,P7164457,145.624 
2018-08-05 14:06,P7164458,144.619 
2018-08-05 14:27,P7164459,143.295 
2018-08-05 15:17,P7164460,142.367 
2018-08-05 15:38,P7164461,142.122 
2018-08-05 16:00,P7164462,141.815 
2018-08-05 16:21,P7164463,142.658 
2018-08-05 16:42,P7164464,142.109 
2018-08-05 17:03,P7164465,145.959 
2018-08-05 17:27,P7164466,140.577 
2018-08-05 17:48,P7164589,135.215 
2018-08-05 18:09,P7164590,131.953 
2018-08-05 18:30,P7164591,135.172 
2018-08-05 18:51,P7164592,136.274 
2018-08-05 19:13,P7164593,136.565 
2018-08-05 19:34,P7188769,138.748 
2018-08-05 19:54,P7188770,136.772 
2018-08-05 20:15,P7164705,133.516 
2018-08-05 20:36,P7164706,134.973 
2018-08-05 20:57,P7164709,135.415 
2018-08-05 21:17,P7164711,132.498 
2018-08-05 21:39,P7164716,137.891 
2018-08-05 22:00,P7164719,138.809 
2018-08-05 22:21,P7162250,137.257 
2018-08-05 22:43,P7188780,138.354 
2018-08-05 23:04,P7188785,137.212 
2018-08-05 23:26,P7188790,137.338 
2018-08-05 23:50,P7188795,136.742 
2018-08-06 0:11,P7188800,136.282 
2018-08-06 0:32,P7164501,132.715 
2018-08-06 0:54,P7164502,137.358 
2018-08-06 1:15,P7164503,140.169 
2018-08-06 1:36,P7164504,140.665 
2018-08-06 1:57,P7164505,141.799 
2018-08-06 2:18,P7164506,141.551 
2018-08-06 2:40,P7164507,140.526 
2018-08-06 3:01,P7164508,140.239 
2018-08-06 3:22,P7164467,140.547 
2018-08-06 3:44,P7164468,136.802 
2018-08-06 4:05,P7164469,140.199 
2018-08-06 4:27,P7164470,138.487 
2018-08-06 4:48,P7164471,139.348 
2018-08-06 5:10,P7164472,138.455 
2018-08-06 5:32,P7164473,135.691 
2018-08-06 5:53,P7164474,133.873 
2018-08-06 6:18,P7164509,138.613 
2018-08-06 6:39,P7164510,138.221 
2018-08-06 7:00,P7164511,139.309 
2018-08-06 7:21,P7164512,141.547 
2018-08-06 7:43,P7164513,140.180 
2018-08-06 8:04,P7164514,138.968 
2018-08-06 8:25,P7164515,140.068 
2018-08-06 8:46,P7164516,135.429 
2018-08-06 9:08,P7164517,136.687 
2018-08-06 9:30,P7164518,137.990 
2018-08-06 9:51,P7164519,134.911 
2018-08-06 10:13,P7164520,137.747 
2018-08-06 10:34,P7164521,137.373 
2018-08-06 10:55,P7164522,134.782 
2018-08-06 11:17,P7164523,135.556 
2018-08-06 11:38,P7164524,135.988 
2018-08-06 11:59,P7164525,133.317 
2018-08-06 12:20,P7164526,138.300 
2018-08-06 12:44,P7164527,138.858 
2018-08-06 13:06,P7164528,137.715 
2018-08-06 13:28,P7164529,137.558 
2018-08-06 13:49,P7164530,137.539 
2018-08-06 14:10,P7164531,138.102 
2018-08-06 14:31,P7164532,136.536 
2018-08-07 22:03,P7188791,136.983 
2018-08-07 22:25,P7188771,137.601 
2018-08-07 22:46,P7188776,138.574 
2018-08-07 23:07,P7188786,138.452 
2018-08-07 23:28,P7188796,136.846 
2018-08-07 23:49,P7188781,138.303 
2018-08-08 0:10,P7164299,141.313 
2018-08-08 0:31,P7164298,140.463 
2018-08-08 0:52,P7164300,140.859 
2018-08-08 1:14,P7164717,138.297 
2018-08-08 1:35,P7164713,131.637 
2018-08-08 1:56,P7188792,137.308 
2018-08-08 2:17,P7188777,137.120 
2018-08-08 2:38,P7188787,137.654 
2018-08-08 2:59,P7188797,137.472 
2018-08-08 3:23,P7188782,138.283 
2018-08-08 3:44,P7188772,137.849 
2018-08-08 4:06,P7164321,138.431 
2018-08-08 4:27,P7164306,139.129 
2018-08-08 4:49,P7164720,141.097 
2018-08-08 5:11,P7164309,137.886 
2018-08-08 5:32,P7164313,136.150 
2018-08-08 5:53,P7164301,138.963 
2018-08-08 6:15,P7164291,137.493 
2018-08-08 6:35,P7164292,139.868 
2018-08-08 6:57,P7164293,140.742 
2018-08-08 7:18,P7164294,140.866 
2018-08-08 7:39,P7164295,140.676 
2018-08-08 8:00,P7164296,139.818 
2018-08-08 8:22,P7164297,139.847 
2018-08-08 8:42,P7164549,136.262 
2018-08-08 9:03,P7164550,138.869 
2018-08-08 9:25,P7164551,138.669 
2018-08-08 9:48,P7164552,137.875 
2018-08-08 10:09,P7164553,139.721 
2018-08-08 10:31,P7164554,138.012 
2018-08-08 10:53,P7164555,138.787 
2018-08-08 11:14,P7164556,139.294 
2018-08-08 11:35,P7164541,136.309 
2018-08-08 11:57,P7164542,138.662 
2018-08-08 12:18,P7164543,138.989 
2018-08-08 12:39,P7164544,137.826 
2018-08-08 13:00,P7164545,138.576 
2018-08-08 13:21,P7164546,136.841 
2018-08-08 13:42,P7164547,136.610 
2018-08-08 14:03,P7164548,139.431 
2018-08-08 14:24,P7164533,135.820 
2018-08-08 14:46,P7164534,137.131 
2018-08-08 15:08,P7164535,135.198 
2018-08-08 15:30,P7164536,135.164 
